Username,Password
admin,123
fcovil0,sw1IPwg
gokeevan1,CxcaYadnEH8P
pwrenn2,SToVUP3SsK
cfarguhar3,SHO5WDk5
bcarbine4,6KRQs2eA2rx0
lmariolle5,3szftO41h
blente6,KWYXKVG8HIN
dtejero7,Usl801F
wkinney8,qjYdxeGl
mbottrell9,l5syr4
hshermara,tTAUOYxGfR83
bairtonb,lG7DtaNu
sloselc,efi8Pe90
emeaneyd,2NhXaABH9Z
cwaberere,vn11fRVqlKW
gjimef,Nr9HcR55B
cgeistmanng,btGKfR
jmarrish,zscu5z
eduffyi,Ytufa1q
dwolveyj,HH2wY9UKzQ4i
gnobletk,Efox5x
oeyel,HrXagovrHh
twillm,5m7kCu1xF
mmarchellin,of4Glqk
gjanickio,eKjMdQor0wqn
lwattinhamp,3sEH5dN
cdagostinoq,RVaykketH
sthornsr,GtQq2A
nspelwoods,2cHvtZQl1f
jtorrejont,lgg335xElk
aprivettu,JC6uqsqzuTZn
gconantv,e3qRzjrEF
bglendzaw,J9Hgf8
tbailessx,nEneOkk19C
icolhouny,Yo80qw
imesshamz,izkczVMEG0
mcorston10,XPEuVt
ntafani11,eYov6dI
ckinforth12,szhGOg7
lmillam13,27TgumtWgxev
cerett14,8vgh2Uo49LG2
bkleint15,hJdxmN
mblue16,rRK5TGr8Y6
bspencer17,YjSO79vlK5
droswarne18,HWQP28p5KGeK
gthorrington19,f3pSEof
zgadsby1a,6cMGglwM
cupstell1b,o7O7XKEbak
cogiany1c,QM8z3W7rgGoA
grasher1d,g1UdzvCb15
ghambrick1e,HlVXXb
pmcqueen1f,BULklb
cchettle1g,X01UuHM3I
tcardenoza1h,2f2xv4HIAv
kruslin1i,oxzm4a
fbooij1j,7PZuLBZRjS
cgoard1k,mk9PkQW
eliebermann1l,LQrM4EZ
uhuison1m,xy5VQkvA
ehammerstone1n,649pptJfq
wberrigan1o,O2zumLy
mcalcott1p,vH9eqFtw5
agarnsworthy1q,GyuIadhfxJI
shutcheon1r,qKmJcuBF
ktschursch1s,LEpNUZ816nc
dlazell1t,EkpMuyFhZ
eargent1u,wH6lLiCcTW7p
ncheshire1v,hw6iZmkyzK9Q
kcluse1w,OPIFmUfdX
gharmes1x,P91dlw3DE
dginn1y,ttsy9s
aplumptre1z,0Unnxa
jsargood20,zE7zbbrZ
ccambden21,F7BySfD
kstledger22,e8nk1kvD0e0
vpail23,ocpxqRAfuh
mpreshous24,VQuEDGvDN
ldunrige25,PMACUipgZpgo
holdcote26,Egy9M54jMmX
reberdt27,pFCmOK1KzHBT
siacapucci28,RX4MLkTR
ezold29,vWWYdW63b8
pgoede2a,417hnZyxwLZ
fcurado2b,Rp4c7ujgX
fcawthorn2c,Wd5sH4B0y9lX
mchaman2d,x6sKL1Tnx2
bstitt2e,62D70x
hshoebridge2f,EJP9iF4U
kalfwy2g,GWbF87h
achamberlayne2h,DgCMpkV
ggair2i,5gKYX9s
dattfield2j,vwaVHlG
igrinston2k,6tFgwOMGM
lvossing2l,77kGJVQ
cmeaden2m,uCvxAoDMzY
wlamboll2n,em8zLv
dmaypowder2o,sqJuCELP
cparades2p,3xFBPfcO0jb
gmalinowski2q,z7sLthw3s6kl
mbrozek2r,0yiMSvQ
jcarley2s,XesjeGF
qcanby2t,pHRmQZ
wdrennan2u,E97ZIH
adanilovich2v,1VW9XcqbzVA
dlaboune2w,QpS6A7lEfT
ahearon2x,dQ0iwiHOG
jshewry2y,D8MGyIE
kconnochie2z,sZGtRLWtbC
jcortez30,bCU1Nu
nlambertson31,uFH0UWVh
aluna32,81MWlPABJ
gguesford33,MVIntTAES
ydreghorn34,M1zrUqbAgk
kmiddle35,pmZqzbEd
myuryev36,hpAgYP
janderer37,DVFl5Skuv
bhelkin38,8MarkH
ahumphrey39,7CtkuI
cchidgey3a,qZ6WxyzJo7
rberr3b,Utz2qotQ
mshutt3c,puMJpGxGv
tmumbey3d,VLfixZj
madamov3e,RDhDHKx
blayus3f,JIloyb4TvXD
rgeleman3g,BHMB9C
ishorte3h,hDPkm9
smarrian3i,88FPgT
meaves3j,Kewpnzhf
aheinrich3k,vP7z2jp
drummins3l,270e3Qf
egabbett3m,ixxFre5y
dvanne3n,OqdMoQuViDAT
ddumphries3o,LTONxYOlCj
wvirgin3p,6R0CaoS
esherreard3q,aWEG4MKt
sbattabee3r,kszRtYA66P
fabrahams3s,lOmXPy9XnQ
fchilde3t,u5BTtoetA
cpeagrim3u,KB59mSttx
asauvage3v,tKY36gS
jmcwhirter3w,bmwB9Q
sjaukovic3x,RpRa3jOW
manwyl3y,wq4Sjw
ghuxstep3z,FKWlDv1
eguidetti40,qSluNc
smcfadden41,rpRot7b8VlKO
lritchman42,zz6t63ec
oastall43,TKVd9b
pwillerstone44,FeNfBtFy0l6A
fscarlon45,pl4XvhyP
aeyers46,ii7IUeulUq
dpunt47,z0nSwGQssjU8
tissacof48,TdKMfoI8
ngusticke49,5hkkE8ZWAHZ
cposkitt4a,LkAEtbi
aabbatt4b,LDTUaFK
mcausier4c,Hu1gtkk4V
jfaldoe4d,lGBd2kI2Q
gvandenvelden4e,CV4smUmEtdM
jvenmore4f,jv145Gw2EUKI
sdorber4g,KGgonJ
vobrian4h,9JHZdk
tbecks4i,NU2hZyAl
xdumbare4j,SVyt4u1seJw
sgerrelts4k,hjBhOD
vmanz4l,F2K53ne
abatho4m,GTE0LoGJLK
lduddin4n,IWF5ZLzfZ5
phallan4o,ifoFBh
ebattill4p,XB1j5i
rquin4q,D6YkduNDKZo
amartyntsev4r,S8ZaVbdDiKY
vaupol4s,9A9doihhYY3
nwittrington4t,AMsSmWnLBv
sbembrigg4u,cU9o3rydi60j
khuckerbe4v,isoxaSoait
rbowdon4w,b7iJUeE9C
eballam4x,Qu2F7I0
sstarbeck4y,3bEKIG
rcristofari4z,t9AmaLLlS0p
rvelasquez50,8Amu1CKHf
hpavis51,qkjz5gsg
tcecchi52,e6iylZ
lcorkish53,Lpw7ch
cdaintree54,3Oj5MEaie
hscripture55,MguJNDMVzH
mgossipin56,zfPuMe2l2Mq
bvernon57,Tpq9TcaK
ekynson58,QQ2Xn9J3D
bhamby59,idRIbCG
ceastman5a,dvJ0xUWfHZh
abackshell5b,dhsr2JQ0D4m
vhubbucks5c,Gk4r5fLpX0h
rmcgerr5d,b59jEuca
apech5e,iTwCqryiEn
champstead5f,xWnX3fi
menderson5g,N4xuil
mgasquoine5h,4IB2SCGf2h9C
lgudgen5i,HWO5aYEAY5r
jlitherland5j,Tdckfu5Wy8RN
kferrer5k,j34L6r
ggriffe5l,N7ZQUQ5
lbetjes5m,7iSM0VdZdW
bschiell5n,4YQvqShXaQ
fjardin5o,UtKa7v
flate5p,ALFXqGHvLhm
fyouthed5q,P4dU0K
rmacrinn5r,wK0aL6cF
nratcliff5s,jvg8pL
lharroll5t,4NuQz0k38aH
bblazejewski5u,uWo91ZDJ
bervin5v,UB6ox3l
hstocken5w,LJ9av0
rkirby5x,ei2Pcz
pmcgettrick5y,ylFJbV9EqkYt
csansam5z,Meg2V7j
mbroadberry60,NimRuccBenVs
giacovielli61,Temwehj9I
mharker62,0kiP07
kkarpf63,wdeBnbsBt
slyes64,a3SUhsmG79O
dandreacci65,Mlys33h
scrumby66,aAFbus8xT
srospars67,bauD5lx6VvMD
bbardey68,uKuZ3YbIGl
ddaniel69,Gqta12E2JI
wseiller6a,dunJgsfweSK
cglasscoe6b,vkVSmuEh
sanstey6c,a2eCfqn4W6an
soertzen6d,YgZefOD0a
ngarvill6e,e0K3dpm
dstotherfield6f,FnrjdK0
lclipsham6g,HCtW9j
claurenty6h,mrn6yhQcTX
mpaine6i,m5xBMefKoV98
rantham6j,KPwBnBrJJAse
ihumby6k,3CQIkhoa
rhukin6l,rJnhTC1
hgimblet6m,bFP14Hj3SC
vportriss6n,qWm715
dpike6o,kypTv6yKmqm
sflatt6p,TyHNLEZZ
mhussey6q,uBzBT8ujqvn
khacon6r,ICmGMP6p
parnholz6s,hUE7tOiWZYGV
ksize6t,UuLdGrdBqE
sgraveson6u,hSV0c04NW
kfaill6v,OnWnDLVeZ4Ox
fgreenroad6w,jHgupl
whocking6x,eGpxI52ZQO
aiacovino6y,bRUjVgB7QL3
mjerzyk6z,D7HAbyPi
rgildroy70,icxM59ir
lsignore71,1bjlqR
nbeale72,bovMoaMwY
rleimster73,UgM9Mtth
tportinari74,upcdX4j
kionn75,vCg8Sh
scrocken76,SBrwCZ4
mrobbe77,4SJUkSxObF
illewellyn78,tSD2oF
opocknoll79,FBofgQfba
dempleton7a,UHlk3tJc
pcunde7b,krGGIG
rdymott7c,DmToAOJ
etudhope7d,5S0dxz
pmanvell7e,0gx5NTjEnmcX
ccarroll7f,Vi0unobm1g
cscoon7g,7Kxbwn90TVpT
gduthy7h,S0ECkv41NA
bscarfe7i,7bkdjn
mwickliffe7j,6ePj7SSh
lgotfrey7k,3NM3hgfAge4
kbruyntjes7l,soOFM0
wgabriel7m,u9SJZyST
vpeatman7n,KeRHP8f
sizakson7o,4duamNMkdCru
rwrittle7p,2dDWOzdPi60
scrosland7q,OWxTcCO
ghumpherston7r,y2RejmRi
fstockport7s,RuwXTwtde
sseabrook7t,jsU4YotJ
fgreenhall7u,4ej1mTFE
mivell7v,XVm9zz9Q88i
gdrawmer7w,DjfWsn
gcody7x,Gixg71s9Gr
awhitnell7y,h9oYJ2
fvass7z,tmFjqtA
dkleeman80,0SIzmQ
cangliss81,67Ttwum
scarillo82,c03FCXMQeXDO
ekivell83,PcPoXueec
rconboy84,trXuWJkOX
bprobets85,0eJySNeUj
kbruce86,kg7NtJ5LZG
emacfall87,JHRuTZ2
ggreenhouse88,PoGZPh
ebampkin89,oYKUF2sx2cx
lbenford8a,IoWmuvmDLX4V
sferraron8b,xuRTbLUe
pboutcher8c,7o0stTX
srobuchon8d,NRZHAt4Q8
hyewen8e,2jFtiCSMm
rroofe8f,hykwyD3Sv
ularrat8g,KweOAR7ICxh
hklaus8h,f4uZFU
cschinetti8i,9cv44L
dbreedy8j,8JEM3KfI
whavile8k,F0fCMA
yroos8l,Bos1lv
saylesbury8m,vw1HuGS
awaterfield8n,IsDcf4NxV
jwoehler8o,szWknf0hTD23
mpinock8p,4SdSGc12g
sgiorgini8q,sNw5Obl
dvasey8r,BcefsHJ
jelden8s,abO34x5
acardinal8t,gTNuQG
wgariff8u,gvw1vOiXVzP
jfillgate8v,6VSLlgXotMCf
pbedding8w,J6ZGGnfKg0CP
mbuzza8x,jW2otAP
edayley8y,0uGZf6AvIkM7
nhatherley8z,5pV6BCN7G
srounsefull90,3gHRNBGQo
smacgiany91,gXyw83
apettwood92,W0ksixU
ibrinsford93,r7tccMJdDUjQ
aianne94,ttWAIw
sainley95,mlyVyUg
kdunthorn96,ZB74kcQM
baysh97,h46hZkk7g
msprigin98,uORZTGPFW
oshepton99,2n7DJYuMf
leisenberg9a,E1WFA12
edoe9b,0LuPCG3R
ibaverstock9c,zmwLBAHcnTn
aberard9d,8qZKvFTObkAm
fsanford9e,hf5DT8dBbUkU
ckingzeth9f,BVU0C9ECIoaJ
jclaxson9g,nbLogcx8hk4
vsmillie9h,zVOEai4Ikb
dlittleton9i,iGwBgf
ltranter9j,M4nMayaFj
tparamore9k,u7niTsmVFRKR
bmales9l,9lSOKSdG9
lcasburn9m,x7TB6Kl4M
fglasscott9n,TX0L6p
rkingsmill9o,j9d49kJ
gellins9p,NRXa3R1
eupton9q,BPHjDV
hwallicker9r,FN4Wrj
dstuckey9s,PZiZv0
lpauls9t,BL9rp2tz
pklambt9u,RvEr1GFJ7J
kdomenici9v,UxUoAFkM
kyouster9w,sUyEeRvpEX
snewburn9x,5eC4tkGUB09
gclemow9y,pMkRrQbd8
gvalentinuzzi9z,XrvVkWh
msherwooda0,N6s7lVAQGw
ttizzarda1,91F989eiLSjN
kvlasenkoa2,SIfehMxz
pmorduea3,Uf74U1Eir
beadya4,B0VAx8
mkerfoda5,2NO1Ol69
mgoschalka6,0e7U8B5DJ1
twillicotta7,ZcwfzhC7
kslafforda8,p5oLOSiuWRx
cboggasa9,yt937T
cbaggottaa,09MEDSgrgXe
gtimmensab,TaVbX3R
boleyac,BXrxP71GC
rstroyanad,M37FfWLb
sattwaterae,5RvQBYSg
igudgeraf,fE1duNNNO
gwaszkiewiczag,MlTplOA7EU
gbraundsah,RinatsML
cbeinischai,goiHlNL8
mjugginsaj,2HYqfvX
ppaolazziak,gG6wZq
ceastgateal,KPRaUi65VSoR
nbartholomewam,o9r4fmLJ
ocartmalean,q4vSzcH4C
agiraudatao,FShHT6bFXQ
kvettoreap,go9jofisW2
scohalanaq,RbVx6dse
ktheussar,AzgRoVMqHRTK
lcolbranas,JgjTLTwGmY0
rgarrickat,Lg0DPi
mrawlisonau,tcxRBT2V0lj
qfearonav,dw6dBX
wculmeraw,8mvqdnOjKLA
gbissax,rmR8mAXN8
ahallawellay,ade5PfWf
dberfordaz,xXHoWKzLN
ppeealessb0,zsy9SO
gspedronib1,g8bsx0h
bfockesb2,VsAipoPrjps
fwaulkerb3,yXftOhq
blindwallb4,qYycX0Jrf4e
astainesb5,Wdsm76sf
jcowplandb6,vuw9hjO1I
sattocb7,M3MFD6axJ
ysilburnb8,aS6tTY
llittleoverb9,UhAq1u
mbiddlecombeba,BZsBnxq0YYJy
dturfittbb,5j8Rfd9n
egibbiesonbc,J2ZVMo
jemblingbd,kNVS5d
smarkeybe,Y6ZVPXwPhyOg
fatthowbf,aVcenVF
jimesenbg,XQFCgZ0pCl
aduffitbh,bfmYaW
hgallellibi,uEs4ZT2EyT
oscroytonbj,EbGDDd0Xzs
cgeelybk,SXjSFMNl
gmbarronbl,buPt2v8LIw5v
khebbronbm,Kgzyt6
wmullesbn,mW7gVtWnApid
cfearonbo,RWKVE4tzSvz4
natkinsbp,GgOV1rlRbWAG
skelsallbq,UPGlAMyoe6G
smarstersbr,oPad1SMr
elammasbs,nt1lAHH
vgoalleybt,w4NzAhT3
arussanbu,NISkJov
ldoidgebv,BJjvA0bGC9lE
pschwandbw,Tvs3T9I
dmarflittbx,05FH1IJnDH1
ahaskerby,Dx9p90M
abernardottibz,CYPdMygDr
spenrithc0,GdqR9Ez
vhenrysc1,Qm4a0X
cwathellc2,yrRz4vck
bbairnsfatherc3,9IBiHMPFq9X1
pskeatc4,EENcyOi
theasmanc5,tvtZaILhKP
ngummiec6,VXmU13Zz
ndomleoc7,ElE2Zp
smingayec8,BzVynW51llQ
ffirpic9,cvHBwccd4hcU
mfairbrassca,vlTyMOJLb
pklimushevcb,SObI0R90
dcasacciocc,sclgFE5rLgU
cmckimmiecd,qCs0APzF
mleavensce,tvDFw5kr
ntrundlecf,3aXK835Yhh
cmurkuscg,Ij0uDE
isawtellch,27FEJhJU
mborrowsci,x3SV7l
rrisdalecj,BA9tta
vjagelsck,m24JXI552U
bfoshcl,C9S0xk1K2
sclarabutcm,WwdjJVmzowOO
hvanniekerkcn,FCnQRJV
kmckirtonco,FxRfnq
rbulcroftcp,Q1r9EE1fV
hinglescq,sTbNcvpZbG7J
cyoselevitchcr,phW5NE1h24vp
gsumptioncs,y6ZvqOs
jtrawinct,t7y1srP0qlRQ
aglanvillecu,QlpWGMmb5
rtejerocv,UEnqA0hINaB
bduforecw,p4P68LySO
swoollincx,D5Nskct6aSw
fderrickcy,tByJ2NxtMxe
asprowsoncz,1AaGyw
browlingsd0,9pnCX7f0d
cdequesned1,TVlXa72Cdfkq
sdenisotd2,qoyaIkKPrd
bsedged3,jTromXQaBVn
jbetked4,wXxuD7a6
rmosdelld5,sxpv87eC2ef
cemblend6,7aq4rKWK4
fbraghinid7,FYnloV
hemmisond8,CiKjNi8se88T
tbonind9,4sN5n0Yg
rpodburyda,uLDgFth
cstampdb,yLfYc6API
mleipolddc,XfNE24
kbridewelldd,slDFnBR8e167
gpyede,E3xFsD9ooqeE
jellamdf,wNRdir
dmaccookdg,PR6E6i
fpawlickidh,kkfc0MgnM
dpottiphardi,CV7CJkg
mziemeckidj,HJiAOVcDmtV
dchinnockdk,U3fr2Uc
tschollingdl,eRyRHVG6AIBO
tcutmeredm,x5WKquscC
rstratforddn,opIaB4Hzd3Ee
dcuredelldo,KRGIqo
druttydp,z86JCnIxCaL
jpancostdq,GeKp5edJP5
mheaselgravedr,viBUAT0CnrZ
cpurseds,3GGMaPR
sbriddockdt,RmUGxD6Ba
dinsealdu,NMIxd2
gglowachadv,eZLZNOTHQ8Q
